{
  "russian": {
    "BLEU Score": 0.6230127474407057,
    "METEOR Score": 0.8441818124520345,
    "RIBES Score": 0.0,
    "BERTScore": 